Beko;Dyson;Electrolux;Samsung;Tefal
2.3;2.4444444444444446;2.8142857142857145;2.875;2.5
2.513392857142857;2.310810810810811;2.5255681818181817;2.066666666666667;2.5258620689655173
3.0;2.75;2.375;1.75;
