Beko;Dyson;Electrolux;Samsung;Tefal
2.5232558139534884;2.335294117647059;2.5697674418604652;2.138888888888889;2.5217391304347827
